---------------------------------------
-- insertar registros a tbl_equipos --
---------------------------------------

INSERT INTO tbl_equipos(fld_codigoeqp,fld_nombre,fld_fechafund,fld_ciudad) VALUES('atn','Atlético Nacional','7-03-1947','050001');

INSERT INTO tbl_equipos(fld_codigoeqp,fld_nombre,fld_fechafund,fld_ciudad) VALUES('jnr','Junior','7-08-1924','080001');

INSERT INTO tbl_equipos(fld_codigoeqp,fld_nombre,fld_fechafund,fld_ciudad) VALUES('dpt','Pasto','12-10-1949','520001');

INSERT INTO tbl_equipos(fld_codigoeqp,fld_nombre,fld_fechafund,fld_ciudad) VALUES('amc','América','13-02-1927','760000');

INSERT INTO tbl_equipos(fld_codigoeqp,fld_nombre,fld_fechafund,fld_ciudad) VALUES('onc','Once Caldas','16-01-1961','170001');

INSERT INTO tbl_equipos(fld_codigoeqp,fld_nombre,fld_fechafund,fld_ciudad) VALUES('tml','Tolima','18-12-1954','730001');

INSERT INTO tbl_equipos(fld_codigoeqp,fld_nombre,fld_fechafund,fld_ciudad) VALUES('stf','Santa Fe','28-02-1941','110110');

INSERT INTO tbl_equipos(fld_codigoeqp,fld_nombre,fld_fechafund,fld_ciudad) VALUES('itb','Internacional de Bogotá','10-12-2025','110811');

INSERT INTO tbl_equipos(fld_codigoeqp,fld_nombre,fld_fechafund,fld_ciudad) VALUES('dpc','Deportivo Cali','23-11-1912','760006');

INSERT INTO tbl_equipos(fld_codigoeqp,fld_nombre,fld_fechafund,fld_ciudad) VALUES('mln','Millonarios','18-06-1946','110151');

INSERT INTO tbl_equipos(fld_codigoeqp,fld_nombre,fld_fechafund,fld_ciudad) VALUES('mdn','Medellín','14-11-1913','050006');

INSERT INTO tbl_equipos(fld_codigoeqp,fld_nombre,fld_fechafund,fld_ciudad) VALUES('agd','Águilas Doradas','16-07-2008','050010');

INSERT INTO tbl_equipos(fld_codigoeqp,fld_nombre,fld_fechafund,fld_ciudad) VALUES('bca','Bucaramanga','11-05-1949','680001');

INSERT INTO tbl_equipos(fld_codigoeqp,fld_nombre,fld_fechafund,fld_ciudad) VALUES('lln','Llaneros','20-04-2012','500001');

INSERT INTO tbl_equipos(fld_codigoeqp,fld_nombre,fld_fechafund,fld_ciudad) VALUES('frt','Fortaleza','15-11-2010','110231');

INSERT INTO tbl_equipos(fld_codigoeqp,fld_nombre,fld_fechafund,fld_ciudad) VALUES('jgr','Jaguares','5-12-2012','230001');

INSERT INTO tbl_equipos(fld_codigoeqp,fld_nombre,fld_fechafund,fld_ciudad) VALUES('alz','Alianza','16-01-2024','200001');

INSERT INTO tbl_equipos(fld_codigoeqp,fld_nombre,fld_fechafund,fld_ciudad) VALUES('byc','Boyacá Chicó','14-01-2005','150001');

INSERT INTO tbl_equipos(fld_codigoeqp,fld_nombre,fld_fechafund,fld_ciudad) VALUES('cct','Cúcuta','10-09-1924','540001');

INSERT INTO tbl_equipos(fld_codigoeqp,fld_nombre,fld_fechafund,fld_ciudad) VALUES('dpr','Deportivo Pereira','12-02-1944','660000');

----------------------------------------
-- insertar registros a tbl_partidos --
-----------------------------------------

-- Fecha 1 --

INSERT INTO tbl_partidos(fld_codigohome,fld_codigovis,fld_golesmarc,fld_golesrec,fld_fechapartido) VALUES('dpr','lln',0,2,'16-01-2026');

INSERT INTO tbl_partidos(fld_codigohome,fld_codigovis,fld_golesmarc,fld_golesrec,fld_fechapartido) VALUES('frt','alz',1,0,'16-01-2026');

INSERT INTO tbl_partidos(fld_codigohome,fld_codigovis,fld_golesmarc,fld_golesrec,fld_fechapartido) VALUES('amc','itb',3,0,'17-01-2026');

INSERT INTO tbl_partidos(fld_codigohome,fld_codigovis,fld_golesmarc,fld_golesrec,fld_fechapartido) VALUES('atn','byc',4,0,'17-01-2026');

INSERT INTO tbl_partidos(fld_codigohome,fld_codigovis,fld_golesmarc,fld_golesrec,fld_fechapartido) VALUES('bca','mln',2,1,'17-01-2026');

INSERT INTO tbl_partidos(fld_codigohome,fld_codigovis,fld_golesmarc,fld_golesrec,fld_fechapartido) VALUES('dpt','mdn',1,0,'18-01-2026');

INSERT INTO tbl_partidos(fld_codigohome,fld_codigovis,fld_golesmarc,fld_golesrec,fld_fechapartido) VALUES('jgr','dpc',1,0,'18-01-2026');

INSERT INTO tbl_partidos(fld_codigohome,fld_codigovis,fld_golesmarc,fld_golesrec,fld_fechapartido) VALUES('jnr','tml',0,2,'18-01-2026');

INSERT INTO tbl_partidos(fld_codigohome,fld_codigovis,fld_golesmarc,fld_golesrec,fld_fechapartido) VALUES('stf','agd',1,1,'18-01-2026');

INSERT INTO tbl_partidos(fld_codigohome,fld_codigovis,fld_golesmarc,fld_golesrec,fld_fechapartido) VALUES('cct','onc',1,2,'19-01-2026');

-- Fecha 2 --

INSERT INTO tbl_partidos(fld_codigohome,fld_codigovis,fld_golesmarc,fld_golesrec,fld_fechapartido) VALUES('itb','cct',2,1,'23-01-2026');

INSERT INTO tbl_partidos(fld_codigohome,fld_codigovis,fld_golesmarc,fld_golesrec,fld_fechapartido) VALUES('tml','alz',2,0,'23-01-2026');

INSERT INTO tbl_partidos(fld_codigohome,fld_codigovis,fld_golesmarc,fld_golesrec,fld_fechapartido) VALUES('dpr','frt',0,0,'24-01-2026');

INSERT INTO tbl_partidos(fld_codigohome,fld_codigovis,fld_golesmarc,fld_golesrec,fld_fechapartido) VALUES('lln','bca',1,1,'24-01-2026');

INSERT INTO tbl_partidos(fld_codigohome,fld_codigovis,fld_golesmarc,fld_golesrec,fld_fechapartido) VALUES('dpc','mdn',3,1,'24-01-2026');

INSERT INTO tbl_partidos(fld_codigohome,fld_codigovis,fld_golesmarc,fld_golesrec,fld_fechapartido) VALUES('byc','amc',0,1,'24-01-2026');

INSERT INTO tbl_partidos(fld_codigohome,fld_codigovis,fld_golesmarc,fld_golesrec,fld_fechapartido) VALUES('agd','dpt',1,2,'25-01-2026');

INSERT INTO tbl_partidos(fld_codigohome,fld_codigovis,fld_golesmarc,fld_golesrec,fld_fechapartido) VALUES('mln','jnr',1,2,'25-01-2026');

INSERT INTO tbl_partidos(fld_codigohome,fld_codigovis,fld_golesmarc,fld_golesrec,fld_fechapartido) VALUES('onc','stf',1,1,'25-01-2026');

INSERT INTO tbl_partidos(fld_codigohome,fld_codigovis,fld_golesmarc,fld_golesrec,fld_fechapartido) VALUES('atn','jgr',2,1,'6-04-2026');

-- Fecha 3 --

INSERT INTO tbl_partidos(fld_codigohome,fld_codigovis,fld_golesmarc,fld_golesrec,fld_fechapartido) VALUES('cct','bca',2,2,'27-01-2026');

INSERT INTO tbl_partidos(fld_codigohome,fld_codigovis,fld_golesmarc,fld_golesrec,fld_fechapartido) VALUES('frt','lln',1,1,'27-01-2026');

INSERT INTO tbl_partidos(fld_codigohome,fld_codigovis,fld_golesmarc,fld_golesrec,fld_fechapartido) VALUES('mdn','tml',2,2,'27-01-2026');

INSERT INTO tbl_partidos(fld_codigohome,fld_codigovis,fld_golesmarc,fld_golesrec,fld_fechapartido) VALUES('alz','byc',1,1,'28-01-2026');

INSERT INTO tbl_partidos(fld_codigohome,fld_codigovis,fld_golesmarc,fld_golesrec,fld_fechapartido) VALUES('stf','dpr',2,2,'28-01-2026');

INSERT INTO tbl_partidos(fld_codigohome,fld_codigovis,fld_golesmarc,fld_golesrec,fld_fechapartido) VALUES('dpt','mln',2,1,'28-01-2026');

INSERT INTO tbl_partidos(fld_codigohome,fld_codigovis,fld_golesmarc,fld_golesrec,fld_fechapartido) VALUES('agd','dpc',2,1,'29-01-2026');

INSERT INTO tbl_partidos(fld_codigohome,fld_codigovis,fld_golesmarc,fld_golesrec,fld_fechapartido) VALUES('jgr','itb',2,3,'29-01-2026');

INSERT INTO tbl_partidos(fld_codigohome,fld_codigovis,fld_golesmarc,fld_golesrec,fld_fechapartido) VALUES('amc','onc',1,1,'29-01-2026');

INSERT INTO tbl_partidos(fld_codigohome,fld_codigovis,fld_golesmarc,fld_golesrec,fld_fechapartido) VALUES('jnr','atn',0,4,'10-03-2026');

-- Fecha 4 --

INSERT INTO tbl_partidos(fld_codigohome,fld_codigovis,fld_golesmarc,fld_golesrec,fld_fechapartido) VALUES('cct','frt',1,1,'31-01-2026');

INSERT INTO tbl_partidos(fld_codigohome,fld_codigovis,fld_golesmarc,fld_golesrec,fld_fechapartido) VALUES('byc','stf',0,1,'31-01-2026');

INSERT INTO tbl_partidos(fld_codigohome,fld_codigovis,fld_golesmarc,fld_golesrec,fld_fechapartido) VALUES('bca','alz',5,0,'1-02-2026');

INSERT INTO tbl_partidos(fld_codigohome,fld_codigovis,fld_golesmarc,fld_golesrec,fld_fechapartido) VALUES('dpc','dpt',3,0,'1-02-2026');

INSERT INTO tbl_partidos(fld_codigohome,fld_codigovis,fld_golesmarc,fld_golesrec,fld_fechapartido) VALUES('onc','jgr',1,1,'1-02-2026');

INSERT INTO tbl_partidos(fld_codigohome,fld_codigovis,fld_golesmarc,fld_golesrec,fld_fechapartido) VALUES('mln','mdn',0,0,'1-02-2026');

INSERT INTO tbl_partidos(fld_codigohome,fld_codigovis,fld_golesmarc,fld_golesrec,fld_fechapartido) VALUES('lln','agd',1,1,'1-02-2026');

INSERT INTO tbl_partidos(fld_codigohome,fld_codigovis,fld_golesmarc,fld_golesrec,fld_fechapartido) VALUES('itb','tml',0,0,'2-02-2026');

INSERT INTO tbl_partidos(fld_codigohome,fld_codigovis,fld_golesmarc,fld_golesrec,fld_fechapartido) VALUES('dpr','jnr',2,3,'2-02-2026');

INSERT INTO tbl_partidos(fld_codigohome,fld_codigovis,fld_golesmarc,fld_golesrec,fld_fechapartido) VALUES('atn','amc',2,1,'4-02-2026');

-- Fecha 5 --

INSERT INTO tbl_partidos(fld_codigohome,fld_codigovis,fld_golesmarc,fld_golesrec,fld_fechapartido) VALUES('dpt','bca',0,0,'6-02-2026');

INSERT INTO tbl_partidos(fld_codigohome,fld_codigovis,fld_golesmarc,fld_golesrec,fld_fechapartido) VALUES('mdn','itb',1,2,'6-02-2026');

INSERT INTO tbl_partidos(fld_codigohome,fld_codigovis,fld_golesmarc,fld_golesrec,fld_fechapartido) VALUES('agd','cct',3,2,'7-02-2026');

INSERT INTO tbl_partidos(fld_codigohome,fld_codigovis,fld_golesmarc,fld_golesrec,fld_fechapartido) VALUES('tml','lln',0,1,'7-02-2026');

INSERT INTO tbl_partidos(fld_codigohome,fld_codigovis,fld_golesmarc,fld_golesrec,fld_fechapartido) VALUES('jnr','byc',3,0,'7-02-2026');

INSERT INTO tbl_partidos(fld_codigohome,fld_codigovis,fld_golesmarc,fld_golesrec,fld_fechapartido) VALUES('alz','onc',1,1,'8-02-2026');

INSERT INTO tbl_partidos(fld_codigohome,fld_codigovis,fld_golesmarc,fld_golesrec,fld_fechapartido) VALUES('dpc','mln',0,0,'8-02-2026');

INSERT INTO tbl_partidos(fld_codigohome,fld_codigovis,fld_golesmarc,fld_golesrec,fld_fechapartido) VALUES('jgr','dpr',1,0,'8-02-2026');

INSERT INTO tbl_partidos(fld_codigohome,fld_codigovis,fld_golesmarc,fld_golesrec,fld_fechapartido) VALUES('stf','atn',1,2,'25-02-2026');

INSERT INTO tbl_partidos(fld_codigohome,fld_codigovis,fld_golesmarc,fld_golesrec,fld_fechapartido) VALUES('frt','amc',1,2,'22-04-2026');

-- Fecha 6 --

INSERT INTO tbl_partidos(fld_codigohome,fld_codigovis,fld_golesmarc,fld_golesrec,fld_fechapartido) VALUES('cct','mdn',1,3,'10-02-2026');

INSERT INTO tbl_partidos(fld_codigohome,fld_codigovis,fld_golesmarc,fld_golesrec,fld_fechapartido) VALUES('lln','dpt',0,1,'10-02-2026');

INSERT INTO tbl_partidos(fld_codigohome,fld_codigovis,fld_golesmarc,fld_golesrec,fld_fechapartido) VALUES('bca','tml',0,0,'10-02-2026');

INSERT INTO tbl_partidos(fld_codigohome,fld_codigovis,fld_golesmarc,fld_golesrec,fld_fechapartido) VALUES('mln','agd',1,0,'11-02-2026');

INSERT INTO tbl_partidos(fld_codigohome,fld_codigovis,fld_golesmarc,fld_golesrec,fld_fechapartido) VALUES('itb','dpc',3,2,'11-02-2026');

INSERT INTO tbl_partidos(fld_codigohome,fld_codigovis,fld_golesmarc,fld_golesrec,fld_fechapartido) VALUES('byc','jgr',5,0,'12-02-2026');

INSERT INTO tbl_partidos(fld_codigohome,fld_codigovis,fld_golesmarc,fld_golesrec,fld_fechapartido) VALUES('onc','jnr',2,1,'12-02-2026');

INSERT INTO tbl_partidos(fld_codigohome,fld_codigovis,fld_golesmarc,fld_golesrec,fld_fechapartido) VALUES('atn','frt',4,1,'12-02-2026');

INSERT INTO tbl_partidos(fld_codigohome,fld_codigovis,fld_golesmarc,fld_golesrec,fld_fechapartido) VALUES('amc','stf',1,0,'13-02-2026');

INSERT INTO tbl_partidos(fld_codigohome,fld_codigovis,fld_golesmarc,fld_golesrec,fld_fechapartido) VALUES('dpr','alz',2,3,'6-04-2026');

-- Fecha 7 --

INSERT INTO tbl_partidos(fld_codigohome,fld_codigovis,fld_golesmarc,fld_golesrec,fld_fechapartido) VALUES('mln','lln',2,1,'14-02-2026');

INSERT INTO tbl_partidos(fld_codigohome,fld_codigovis,fld_golesmarc,fld_golesrec,fld_fechapartido) VALUES('mdn','dpr',1,1,'14-02-2026');

INSERT INTO tbl_partidos(fld_codigohome,fld_codigovis,fld_golesmarc,fld_golesrec,fld_fechapartido) VALUES('dpt','itb',1,1,'14-02-2026');

INSERT INTO tbl_partidos(fld_codigohome,fld_codigovis,fld_golesmarc,fld_golesrec,fld_fechapartido) VALUES('tml','onc',2,1,'15-02-2026');

INSERT INTO tbl_partidos(fld_codigohome,fld_codigovis,fld_golesmarc,fld_golesrec,fld_fechapartido) VALUES('dpc','atn',1,0,'15-02-2026');

INSERT INTO tbl_partidos(fld_codigohome,fld_codigovis,fld_golesmarc,fld_golesrec,fld_fechapartido) VALUES('frt','byc',2,1,'15-02-2026');

INSERT INTO tbl_partidos(fld_codigohome,fld_codigovis,fld_golesmarc,fld_golesrec,fld_fechapartido) VALUES('alz','cct',1,1,'17-02-2026');

INSERT INTO tbl_partidos(fld_codigohome,fld_codigovis,fld_golesmarc,fld_golesrec,fld_fechapartido) VALUES('jgr','stf',3,1,'17-02-2026');

INSERT INTO tbl_partidos(fld_codigohome,fld_codigovis,fld_golesmarc,fld_golesrec,fld_fechapartido) VALUES('jnr','amc',2,1,'18-02-2026');

INSERT INTO tbl_partidos(fld_codigohome,fld_codigovis,fld_golesmarc,fld_golesrec,fld_fechapartido) VALUES('agd','bca',2,1,'7-04-2026');

-- fecha 8 --

INSERT INTO tbl_partidos(fld_codigohome,fld_codigovis,fld_golesmarc,fld_golesrec,fld_fechapartido) VALUES('lln','mdn',2,2,'20-02-2026');

INSERT INTO tbl_partidos(fld_codigohome,fld_codigovis,fld_golesmarc,fld_golesrec,fld_fechapartido) VALUES('dpr','dpt',2,2,'20-02-2026');

INSERT INTO tbl_partidos(fld_codigohome,fld_codigovis,fld_golesmarc,fld_golesrec,fld_fechapartido) VALUES('onc','frt',4,2,'21-02-2026');

INSERT INTO tbl_partidos(fld_codigohome,fld_codigovis,fld_golesmarc,fld_golesrec,fld_fechapartido) VALUES('bca','dpc',0,0,'21-02-2026');

INSERT INTO tbl_partidos(fld_codigohome,fld_codigovis,fld_golesmarc,fld_golesrec,fld_fechapartido) VALUES('atn','alz',3,0,'21-02-2026');

INSERT INTO tbl_partidos(fld_codigohome,fld_codigovis,fld_golesmarc,fld_golesrec,fld_fechapartido) VALUES('itb','mln',3,2,'21-02-2026');

INSERT INTO tbl_partidos(fld_codigohome,fld_codigovis,fld_golesmarc,fld_golesrec,fld_fechapartido) VALUES('stf','jnr',2,1,'22-02-2026');

INSERT INTO tbl_partidos(fld_codigohome,fld_codigovis,fld_golesmarc,fld_golesrec,fld_fechapartido) VALUES('byc','agd',0,1,'22-02-2026');

INSERT INTO tbl_partidos(fld_codigohome,fld_codigovis,fld_golesmarc,fld_golesrec,fld_fechapartido) VALUES('amc','jgr',3,0,'22-02-2026');

INSERT INTO tbl_partidos(fld_codigohome,fld_codigovis,fld_golesmarc,fld_golesrec,fld_fechapartido) VALUES('cct','tml',3,2,'23-02-2026');

-- Fecha 9 --

INSERT INTO tbl_partidos(fld_codigohome,fld_codigovis,fld_golesmarc,fld_golesrec,fld_fechapartido) VALUES('mln','dpr',5,1,'26-02-2026');

INSERT INTO tbl_partidos(fld_codigohome,fld_codigovis,fld_golesmarc,fld_golesrec,fld_fechapartido) VALUES('onc','byc',3,0,'27-02-2026');

INSERT INTO tbl_partidos(fld_codigohome,fld_codigovis,fld_golesmarc,fld_golesrec,fld_fechapartido) VALUES('alz','amc',0,3,'28-02-2026');

INSERT INTO tbl_partidos(fld_codigohome,fld_codigovis,fld_golesmarc,fld_golesrec,fld_fechapartido) VALUES('jgr','jnr',0,2,'28-02-2026');

INSERT INTO tbl_partidos(fld_codigohome,fld_codigovis,fld_golesmarc,fld_golesrec,fld_fechapartido) VALUES('mdn','bca',1,2,'28-02-2026');

INSERT INTO tbl_partidos(fld_codigohome,fld_codigovis,fld_golesmarc,fld_golesrec,fld_fechapartido) VALUES('dpt','cct',3,2,'1-03-2026');

INSERT INTO tbl_partidos(fld_codigohome,fld_codigovis,fld_golesmarc,fld_golesrec,fld_fechapartido) VALUES('agd','itb',0,0,'1-03-2026');

INSERT INTO tbl_partidos(fld_codigohome,fld_codigovis,fld_golesmarc,fld_golesrec,fld_fechapartido) VALUES('tml','atn',1,0,'1-03-2026');

INSERT INTO tbl_partidos(fld_codigohome,fld_codigovis,fld_golesmarc,fld_golesrec,fld_fechapartido) VALUES('frt','stf',1,1,'7-02-2026');

INSERT INTO tbl_partidos(fld_codigohome,fld_codigovis,fld_golesmarc,fld_golesrec,fld_fechapartido) VALUES('dpc','lln',1,1,'12-04-2026');

-- Fecha 10 --

INSERT INTO tbl_partidos(fld_codigohome,fld_codigovis,fld_golesmarc,fld_golesrec,fld_fechapartido) VALUES('frt','jgr',2,1,'4-03-2026');

INSERT INTO tbl_partidos(fld_codigohome,fld_codigovis,fld_golesmarc,fld_golesrec,fld_fechapartido) VALUES('lln','itb',1,1,'5-03-2026');

INSERT INTO tbl_partidos(fld_codigohome,fld_codigovis,fld_golesmarc,fld_golesrec,fld_fechapartido) VALUES('jnr','alz',1,1,'5-03-2026');

INSERT INTO tbl_partidos(fld_codigohome,fld_codigovis,fld_golesmarc,fld_golesrec,fld_fechapartido) VALUES('dpc','onc',0,2,'6-03-2026');

INSERT INTO tbl_partidos(fld_codigohome,fld_codigovis,fld_golesmarc,fld_golesrec,fld_fechapartido) VALUES('agd','atn',1,2,'7-03-2026');

INSERT INTO tbl_partidos(fld_codigohome,fld_codigovis,fld_golesmarc,fld_golesrec,fld_fechapartido) VALUES('mln','cct',2,0,'9-03-2026');

INSERT INTO tbl_partidos(fld_codigohome,fld_codigovis,fld_golesmarc,fld_golesrec,fld_fechapartido) VALUES('dpt','amc',2,0,'9-03-2026');

INSERT INTO tbl_partidos(fld_codigohome,fld_codigovis,fld_golesmarc,fld_golesrec,fld_fechapartido) VALUES('bca','dpr',3,0,'10-03-2026');

INSERT INTO tbl_partidos(fld_codigohome,fld_codigovis,fld_golesmarc,fld_golesrec,fld_fechapartido) VALUES('tml','stf',2,2,'4-04-2026');

INSERT INTO tbl_partidos(fld_codigohome,fld_codigovis,fld_golesmarc,fld_golesrec,fld_fechapartido) VALUES('mdn','byc',2,0,'22-04-2026');

-- Fecha 11 --

INSERT INTO tbl_partidos(fld_codigohome,fld_codigovis,fld_golesmarc,fld_golesrec,fld_fechapartido) VALUES('onc','dpt',4,2,'13-03-2026');

INSERT INTO tbl_partidos(fld_codigohome,fld_codigovis,fld_golesmarc,fld_golesrec,fld_fechapartido) VALUES('atn','lln',2,0,'13-03-2026');

INSERT INTO tbl_partidos(fld_codigohome,fld_codigovis,fld_golesmarc,fld_golesrec,fld_fechapartido) VALUES('itb','bca',0,0,'14-03-2026');

INSERT INTO tbl_partidos(fld_codigohome,fld_codigovis,fld_golesmarc,fld_golesrec,fld_fechapartido) VALUES('cct','dpc',0,2,'14-03-2026');

INSERT INTO tbl_partidos(fld_codigohome,fld_codigovis,fld_golesmarc,fld_golesrec,fld_fechapartido) VALUES('byc','mln',2,1,'14-03-2026');

INSERT INTO tbl_partidos(fld_codigohome,fld_codigovis,fld_golesmarc,fld_golesrec,fld_fechapartido) VALUES('stf','alz',1,1,'14-03-2026');

INSERT INTO tbl_partidos(fld_codigohome,fld_codigovis,fld_golesmarc,fld_golesrec,fld_fechapartido) VALUES('dpr','agd',0,1,'15-03-2026');

INSERT INTO tbl_partidos(fld_codigohome,fld_codigovis,fld_golesmarc,fld_golesrec,fld_fechapartido) VALUES('amc','tml',1,1,'15-03-2026');

INSERT INTO tbl_partidos(fld_codigohome,fld_codigovis,fld_golesmarc,fld_golesrec,fld_fechapartido) VALUES('jgr','mdn',1,2,'15-03-2026');

INSERT INTO tbl_partidos(fld_codigohome,fld_codigovis,fld_golesmarc,fld_golesrec,fld_fechapartido) VALUES('jnr','frt',2,1,'15-03-2026');

-- Fecha 12 --

INSERT INTO tbl_partidos(fld_codigohome,fld_codigovis,fld_golesmarc,fld_golesrec,fld_fechapartido) VALUES('lln','cct',2,2,'17-03-2026');

INSERT INTO tbl_partidos(fld_codigohome,fld_codigovis,fld_golesmarc,fld_golesrec,fld_fechapartido) VALUES('mln','atn',3,0,'17-03-2026');

INSERT INTO tbl_partidos(fld_codigohome,fld_codigovis,fld_golesmarc,fld_golesrec,fld_fechapartido) VALUES('dpt','byc',2,0,'18-03-2026');

INSERT INTO tbl_partidos(fld_codigohome,fld_codigovis,fld_golesmarc,fld_golesrec,fld_fechapartido) VALUES('itb','dpr',2,2,'18-03-2026');

INSERT INTO tbl_partidos(fld_codigohome,fld_codigovis,fld_golesmarc,fld_golesrec,fld_fechapartido) VALUES('bca','onc',1,1,'18-03-2026');

INSERT INTO tbl_partidos(fld_codigohome,fld_codigovis,fld_golesmarc,fld_golesrec,fld_fechapartido) VALUES('dpc','stf',1,1,'18-03-2026');

INSERT INTO tbl_partidos(fld_codigohome,fld_codigovis,fld_golesmarc,fld_golesrec,fld_fechapartido) VALUES('alz','jgr',1,0,'19-03-2026');

INSERT INTO tbl_partidos(fld_codigohome,fld_codigovis,fld_golesmarc,fld_golesrec,fld_fechapartido) VALUES('tml','frt',2,0,'19-03-2026');

INSERT INTO tbl_partidos(fld_codigohome,fld_codigovis,fld_golesmarc,fld_golesrec,fld_fechapartido) VALUES('mdn','jnr',2,0,'19-03-2026');

INSERT INTO tbl_partidos(fld_codigohome,fld_codigovis,fld_golesmarc,fld_golesrec,fld_fechapartido) VALUES('agd','amc',0,1,'20-03-2026');

-- Fecha 13 --

INSERT INTO tbl_partidos(fld_codigohome,fld_codigovis,fld_golesmarc,fld_golesrec,fld_fechapartido) VALUES('onc','mln',1,4,'21-03-2026');

INSERT INTO tbl_partidos(fld_codigohome,fld_codigovis,fld_golesmarc,fld_golesrec,fld_fechapartido) VALUES('atn','itb',3,0,'21-03-2026');

INSERT INTO tbl_partidos(fld_codigohome,fld_codigovis,fld_golesmarc,fld_golesrec,fld_fechapartido) VALUES('alz','dpc',1,0,'22-03-2026');

INSERT INTO tbl_partidos(fld_codigohome,fld_codigovis,fld_golesmarc,fld_golesrec,fld_fechapartido) VALUES('byc','tml',1,1,'23-03-2026');

INSERT INTO tbl_partidos(fld_codigohome,fld_codigovis,fld_golesmarc,fld_golesrec,fld_fechapartido) VALUES('stf','mdn',2,1,'23-03-2026');

INSERT INTO tbl_partidos(fld_codigohome,fld_codigovis,fld_golesmarc,fld_golesrec,fld_fechapartido) VALUES('jgr','agd',1,1,'23-03-2026');

INSERT INTO tbl_partidos(fld_codigohome,fld_codigovis,fld_golesmarc,fld_golesrec,fld_fechapartido) VALUES('dpr','cct',2,2,'24-03-2026');

INSERT INTO tbl_partidos(fld_codigohome,fld_codigovis,fld_golesmarc,fld_golesrec,fld_fechapartido) VALUES('jnr','bca',2,0,'24-03-2026');

INSERT INTO tbl_partidos(fld_codigohome,fld_codigovis,fld_golesmarc,fld_golesrec,fld_fechapartido) VALUES('frt','dpt',1,2,'24-03-2026');

INSERT INTO tbl_partidos(fld_codigohome,fld_codigovis,fld_golesmarc,fld_golesrec,fld_fechapartido) VALUES('amc','lln',0,0,'25-03-2026');

-- Fecha 14 --

INSERT INTO tbl_partidos(fld_codigohome,fld_codigovis,fld_golesmarc,fld_golesrec,fld_fechapartido) VALUES('agd','alz',1,0,'27-03-2026');

INSERT INTO tbl_partidos(fld_codigohome,fld_codigovis,fld_golesmarc,fld_golesrec,fld_fechapartido) VALUES('bca','stf',1,2,'27-03-2026');

INSERT INTO tbl_partidos(fld_codigohome,fld_codigovis,fld_golesmarc,fld_golesrec,fld_fechapartido) VALUES('cct','byc',1,0,'28-03-2026');

INSERT INTO tbl_partidos(fld_codigohome,fld_codigovis,fld_golesmarc,fld_golesrec,fld_fechapartido) VALUES('tml','jgr',3,1,'28-03-2026');

INSERT INTO tbl_partidos(fld_codigohome,fld_codigovis,fld_golesmarc,fld_golesrec,fld_fechapartido) VALUES('dpc','dpr',1,0,'28-03-2026');

INSERT INTO tbl_partidos(fld_codigohome,fld_codigovis,fld_golesmarc,fld_golesrec,fld_fechapartido) VALUES('itb','jnr',0,1,'29-03-2026');

INSERT INTO tbl_partidos(fld_codigohome,fld_codigovis,fld_golesmarc,fld_golesrec,fld_fechapartido) VALUES('dpt','atn',1,2,'29-03-2026');

INSERT INTO tbl_partidos(fld_codigohome,fld_codigovis,fld_golesmarc,fld_golesrec,fld_fechapartido) VALUES('lln','onc',1,1,'29-03-2026');

INSERT INTO tbl_partidos(fld_codigohome,fld_codigovis,fld_golesmarc,fld_golesrec,fld_fechapartido) VALUES('mdn','amc',2,1,'30-03-2026');

INSERT INTO tbl_partidos(fld_codigohome,fld_codigovis,fld_golesmarc,fld_golesrec,fld_fechapartido) VALUES('mln','frt',2,2,'30-03-2026');

-- Fecha 15 --

INSERT INTO tbl_partidos(fld_codigohome,fld_codigovis,fld_golesmarc,fld_golesrec,fld_fechapartido) VALUES('tml','agd',4,1,'31-03-2026');

INSERT INTO tbl_partidos(fld_codigohome,fld_codigovis,fld_golesmarc,fld_golesrec,fld_fechapartido) VALUES('alz','dpt',0,0,'1-04-2026');

INSERT INTO tbl_partidos(fld_codigohome,fld_codigovis,fld_golesmarc,fld_golesrec,fld_fechapartido) VALUES('stf','lln',0,1,'1-04-2026');

INSERT INTO tbl_partidos(fld_codigohome,fld_codigovis,fld_golesmarc,fld_golesrec,fld_fechapartido) VALUES('atn','cct',0,0,'1-04-2026');

INSERT INTO tbl_partidos(fld_codigohome,fld_codigovis,fld_golesmarc,fld_golesrec,fld_fechapartido) VALUES('byc','dpr',1,0,'2-04_2026');

INSERT INTO tbl_partidos(fld_codigohome,fld_codigovis,fld_golesmarc,fld_golesrec,fld_fechapartido) VALUES('amc','bca',2,0,'2-04-2026');

INSERT INTO tbl_partidos(fld_codigohome,fld_codigovis,fld_golesmarc,fld_golesrec,fld_fechapartido) VALUES('jgr','mln',1,0,'2-04-2026');

INSERT INTO tbl_partidos(fld_codigohome,fld_codigovis,fld_golesmarc,fld_golesrec,fld_fechapartido) VALUES('onc','mdn',1,1,'2-04-2026');

INSERT INTO tbl_partidos(fld_codigohome,fld_codigovis,fld_golesmarc,fld_golesrec,fld_fechapartido) VALUES('frt','itb',1,1,'3-04-2026');

INSERT INTO tbl_partidos(fld_codigohome,fld_codigovis,fld_golesmarc,fld_golesrec,fld_fechapartido) VALUES('jnr','dpc',1,2,'3-04-2026');

-- Fecha 16 --

INSERT INTO tbl_partidos(fld_codigohome,fld_codigovis,fld_golesmarc,fld_golesrec,fld_fechapartido) VALUES('cct','amc',2,0,'5-04-2026');

INSERT INTO tbl_partidos(fld_codigohome,fld_codigovis,fld_golesmarc,fld_golesrec,fld_fechapartido) VALUES('dpr','pnc',0,0,'10-04-2026');

INSERT INTO tbl_partidos(fld_codigohome,fld_codigovis,fld_golesmarc,fld_golesrec,fld_fechapartido) VALUES('dpt','tml',1,0,'10-04-2026');

INSERT INTO tbl_partidos(fld_codigohome,fld_codigovis,fld_golesmarc,fld_golesrec,fld_fechapartido) VALUES('agd','jnr',0,3,'11-04-2026');

INSERT INTO tbl_partidos(fld_codigohome,fld_codigovis,fld_golesmarc,fld_golesrec,fld_fechapartido) VALUES('mdn','atn',2,3,'11-04-2026');

INSERT INTO tbl_partidos(fld_codigohome,fld_codigovis,fld_golesmarc,fld_golesrec,fld_fechapartido) VALUES('mln','stf',1,1,'12-04-2026');

INSERT INTO tbl_partidos(fld_codigohome,fld_codigovis,fld_golesmarc,fld_golesrec,fld_fechapartido) VALUES('bca','byc',5,0,'12-04-2026');

INSERT INTO tbl_partidos(fld_codigohome,fld_codigovis,fld_golesmarc,fld_golesrec,fld_fechapartido) VALUES('itb','alz',2,1,'12-04.2026');

INSERT INTO tbl_partidos(fld_codigohome,fld_codigovis,fld_golesmarc,fld_golesrec,fld_fechapartido) VALUES('lln','jgr',2,0,'9-03-2026');

INSERT INTO tbl_partidos(fld_codigohome,fld_codigovis,fld_golesmarc,fld_golesrec,fld_fechapartido) VALUES('dpc','frt',1,1,'1-03-2026');

-- fecha 17 --

INSERT INTO tbl_partidos(fld_codigohome,fld_codigovis,fld_golesmarc,fld_golesrec,fld_fechapartido) VALUES('jgr','dpt',2,3,'17-04-2026');

INSERT INTO tbl_partidos(fld_codigohome,fld_codigovis,fld_golesmarc,fld_golesrec,fld_fechapartido) VALUES('byc','dpc',1,0,'17-04-2026');

INSERT INTO tbl_partidos(fld_codigohome,fld_codigovis,fld_golesmarc,fld_golesrec,fld_fechapartido) VALUES('tml','dpr',2,0,'18-04-2026');

INSERT INTO tbl_partidos(fld_codigohome,fld_codigovis,fld_golesmarc,fld_golesrec,fld_fechapartido) VALUES('frt','agd',2,0,'18-04-2026');

INSERT INTO tbl_partidos(fld_codigohome,fld_codigovis,fld_golesmarc,fld_golesrec,fld_fechapartido) VALUES('stf','cct',5,0,'19-04-2026');

INSERT INTO tbl_partidos(fld_codigohome,fld_codigovis,fld_golesmarc,fld_golesrec,fld_fechapartido) VALUES('alz','mdn',0,1,'19-04-2026');

INSERT INTO tbl_partidos(fld_codigohome,fld_codigovis,fld_golesmarc,fld_golesrec,fld_fechapartido) VALUES('jnr','lln',2,0,'19-04-2026');

INSERT INTO tbl_partidos(fld_codigohome,fld_codigovis,fld_golesmarc,fld_golesrec,fld_fechapartido) VALUES('amc','mln',3,1,'19-04-2026');

INSERT INTO tbl_partidos(fld_codigohome,fld_codigovis,fld_golesmarc,fld_golesrec,fld_fechapartido) VALUES('onc','itb',2,1,'20-04-2026');

INSERT INTO tbl_partidos(fld_codigohome,fld_codigovis,fld_golesmarc,fld_golesrec,fld_fechapartido) VALUES('atn','bca',2,0,'20-04-2026');

-- fecha 18 --

INSERT INTO tbl_partidos(fld_codigohome,fld_codigovis,fld_golesmarc,fld_golesrec,fld_fechapartido) VALUES('dpt','stf',1,2,'23-04-2026');

INSERT INTO tbl_partidos(fld_codigohome,fld_codigovis,fld_golesmarc,fld_golesrec,fld_fechapartido) VALUES('mln','tml',2,0,'23-04-2026');

INSERT INTO tbl_partidos(fld_codigohome,fld_codigovis,fld_golesmarc,fld_golesrec,fld_fechapartido) VALUES('cct','jnr',1,1,'24-04-2026');

INSERT INTO tbl_partidos(fld_codigohome,fld_codigovis,fld_golesmarc,fld_golesrec,fld_fechapartido) VALUES('bca','jgr',2,2,'25-04-2026');

INSERT INTO tbl_partidos(fld_codigohome,fld_codigovis,fld_golesmarc,fld_golesrec,fld_fechapartido) VALUES('dpr','atn',1,0,'25-04-2026');

INSERT INTO tbl_partidos(fld_codigohome,fld_codigovis,fld_golesmarc,fld_golesrec,fld_fechapartido) VALUES('dpc','amc',1,0,'25-04-2026');

INSERT INTO tbl_partidos(fld_codigohome,fld_codigovis,fld_golesmarc,fld_golesrec,fld_fechapartido) VALUES('mdn','frt',1,0,'25-04-2026');

INSERT INTO tbl_partidos(fld_codigohome,fld_codigovis,fld_golesmarc,fld_golesrec,fld_fechapartido) VALUES('agd','onc',2,2,'26-04-2026');

INSERT INTO tbl_partidos(fld_codigohome,fld_codigovis,fld_golesmarc,fld_golesrec,fld_fechapartido) VALUES('lln','alz',0,0,'26-04-2026');

INSERT INTO tbl_partidos(fld_codigohome,fld_codigovis,fld_golesmarc,fld_golesrec,fld_fechapartido) VALUES('itb','byc',4,0,'26-04-2026');

-- Fecha 19 --

INSERT INTO tbl_partidos(fld_codigohome,fld_codigovis,fld_golesmarc,fld_golesrec,fld_fechapartido) VALUES('onc','atn',1,0,'1-05-2026');

INSERT INTO tbl_partidos(fld_codigohome,fld_codigovis,fld_golesmarc,fld_golesrec,fld_fechapartido) VALUES('byc','lln',3,0,'2-05-2026');

INSERT INTO tbl_partidos(fld_codigohome,fld_codigovis,fld_golesmarc,fld_golesrec,fld_fechapartido) VALUES('jgr','cct',2,0,'2-05-2026');

INSERT INTO tbl_partidos(fld_codigohome,fld_codigovis,fld_golesmarc,fld_golesrec,fld_fechapartido) VALUES('tml','dpc',1,1,'3-05-2025');

INSERT INTO tbl_partidos(fld_codigohome,fld_codigovis,fld_golesmarc,fld_golesrec,fld_fechapartido) VALUES('frt','bca',2,1,'3-05-2026');

INSERT INTO tbl_partidos(fld_codigohome,fld_codigovis,fld_golesmarc,fld_golesrec,fld_fechapartido) VALUES('stf','itb',3,1,'3-05-2026');

INSERT INTO tbl_partidos(fld_codigohome,fld_codigovis,fld_golesmarc,fld_golesrec,fld_fechapartido) VALUES('mdn','agd',1,2,'3-05-2026');

INSERT INTO tbl_partidos(fld_codigohome,fld_codigovis,fld_golesmarc,fld_golesrec,fld_fechapartido) VALUES('alz','mln',2,2,'3-05-2026');

INSERT INTO tbl_partidos(fld_codigohome,fld_codigovis,fld_golesmarc,fld_golesrec,fld_fechapartido) VALUES('jnr','dpt',4,3,'3-05-2026');

INSERT INTO tbl_partidos(fld_codigohome,fld_codigovis,fld_golesmarc,fld_golesrec,fld_fechapartido) VALUES('amc','dpr',1,0,'3-05-2026');

----------------------------------------
-- insertar registros a tbl_ciudades --
----------------------------------------

INSERT INTO tbl_ciudades(fld_codigocid,fld_nombre) VALUES('050001','Medellín');

INSERT INTO tbl_ciudades(fld_codigocid,fld_nombre) VALUES('080001','Barranquilla');

INSERT INTO tbl_ciudades(fld_codigocid,fld_nombre) VALUES('520001','Pasto');

INSERT INTO tbl_ciudades(fld_codigocid,fld_nombre) VALUES('760000','Cali');

INSERT INTO tbl_ciudades(fld_codigocid,fld_nombre) VALUES('170001','Manizales');

INSERT INTO tbl_ciudades(fld_codigocid,fld_nombre) VALUES('730001','Ibagué');

INSERT INTO tbl_ciudades(fld_codigocid,fld_nombre) VALUES('110110','Bogotá');

INSERT INTO tbl_ciudades(fld_codigocid,fld_nombre) VALUES('110811','Bogotá');

INSERT INTO tbl_ciudades(fld_codigocid,fld_nombre) VALUES('760006','Cali');

INSERT INTO tbl_ciudades(fld_codigocid,fld_nombre) VALUES('110151','Bogotá');

INSERT INTO tbl_ciudades(fld_codigocid,fld_nombre) VALUES('050006','Medellín');

INSERT INTO tbl_ciudades(fld_codigocid,fld_nombre) VALUES('050010','Medellín');

INSERT INTO tbl_ciudades(fld_codigocid,fld_nombre) VALUES('680001','Bucaramanga');

INSERT INTO tbl_ciudades(fld_codigocid,fld_nombre) VALUES('500001','Villavicencio');

INSERT INTO tbl_ciudades(fld_codigocid,fld_nombre) VALUES('110231','Bogotá');

INSERT INTO tbl_ciudades(fld_codigocid,fld_nombre) VALUES('230001','Montería');

INSERT INTO tbl_ciudades(fld_codigocid,fld_nombre) VALUES('200001','Valledupar');

INSERT INTO tbl_ciudades(fld_codigocid,fld_nombre) VALUES('150001','Tunja');

INSERT INTO tbl_ciudades(fld_codigocid,fld_nombre) VALUES('540001','cúcuta');

INSERT INTO tbl_ciudades(fld_codigocid,fld_nombre) VALUES('660000','Pereira');


